"itime=1544368919","date=2018-12-09","time=12:21:59","devid=FG-5KD3915800565","vd=REF131396","type=traffic","subtype=forward","action=timeout","app=HTTPS","","appcat=unscanned","","","","","bid=44007393","","","","craction=262144","crlevel=low","crscore=5","devname=FW-TRFSEG-01","dstcountry=Argentina","dstintf=vl144in","dstip=200.41.197.1","dstport=443","duration=51","dvid=1105","","","","level=notice","logid=13","logver=52","policyid=2","poluuid=a5996438-65c7-51e6-ab7d-0f4c3477a9fc","proto=6","rcvdbyte=240","rcvdpkt=4","","sentbyte=60","sentpkt=1","service=HTTPS","sessionid=2168468869","","","srccountry=Argentina","srcintf=vl2220out","srcip=179.39.44.21","srcport=57051","threatcnts={1}","threatlvls={1}","threats={failed-connection}","threattyps={failed-connection}","threatwgts={5}","trandisp=dnat","tranip=192.168.14.13","tranport=443","","","","",""
"itime=1544368919","date=2018-12-09","time=12:21:59","devid=FG-5KD3915800565","vd=REF131396","type=traffic","subtype=forward","action=close","app=HTTPS","","appcat=unscanned","","","","","bid=44007393","","","","","","","devname=FW-TRFSEG-01","dstcountry=Argentina","dstintf=vl144in","dstip=200.41.197.1","dstport=443","duration=7","dvid=1105","","","","level=notice","logid=13","logver=52","policyid=2","poluuid=a5996438-65c7-51e6-ab7d-0f4c3477a9fc","proto=6","rcvdbyte=60","rcvdpkt=1","","sentbyte=156","sentpkt=3","service=HTTPS","sessionid=2168509129","","","srccountry=""United States""","srcintf=vl2220out","srcip=96.39.158.182","srcport=58941","","","","","","trandisp=dnat","tranip=192.168.14.13","tranport=443","","","","",""
"itime=1544368919","date=2018-12-09","time=12:21:59","devid=FG-5KD3915800565","vd=REF131396","type=traffic","subtype=forward","action=close","app=HTTPS","","appcat=unscanned","","","","","bid=44007393","","","","","","","devname=FW-TRFSEG-01","dstcountry=Argentina","dstintf=vl144in","dstip=200.41.197.1","dstport=443","duration=14","dvid=1105","","","","level=notice","logid=13","logver=52","policyid=2","poluuid=a5996438-65c7-51e6-ab7d-0f4c3477a9fc","proto=6","rcvdbyte=112","rcvdpkt=2","","sentbyte=244","sentpkt=5","service=HTTPS","sessionid=2168501969","","","srccountry=Brazil","srcintf=vl2220out","srcip=45.237.106.242","srcport=46764","","","","","","trandisp=dnat","tranip=192.168.14.13","tranport=443","","","","",""
"itime=1544368919","date=2018-12-09","time=12:21:59","devid=FG-5KD3915800565","vd=REF131396","type=traffic","subtype=forward","action=close","app=HTTPS","","appcat=unscanned","","","","","bid=44007393","","","","","","","devname=FW-TRFSEG-01","dstcountry=Argentina","dstintf=vl144in","dstip=200.41.197.1","dstport=443","duration=10","dvid=1105","","","","level=notice","logid=13","logver=52","policyid=2","poluuid=a5996438-65c7-51e6-ab7d-0f4c3477a9fc","proto=6","rcvdbyte=88","rcvdpkt=2","","sentbyte=132","sentpkt=3","service=HTTPS","sessionid=2168505553","","","srccountry=Argentina","srcintf=vl2220out","srcip=181.46.63.87","srcport=50477","","","","","","trandisp=dnat","tranip=192.168.14.13","tranport=443","","","","",""
"itime=1544368919","date=2018-12-09","time=12:21:59","devid=FG-5KD3915800565","vd=REF131396","type=traffic","subtype=forward","action=close","app=HTTPS","","appcat=unscanned","","","","","bid=44007393","","","","","","","devname=FW-TRFSEG-01","dstcountry=Argentina","dstintf=vl144in","dstip=200.41.197.1","dstport=443","duration=10","dvid=1105","","","","level=notice","logid=13","logver=52","policyid=2","poluuid=a5996438-65c7-51e6-ab7d-0f4c3477a9fc","proto=6","rcvdbyte=112","rcvdpkt=2","","sentbyte=164","sentpkt=3","service=HTTPS","sessionid=2168505645","","","srccountry=Argentina","srcintf=vl2220out","srcip=186.153.147.218","srcport=56050","","","","","","trandisp=dnat","tranip=192.168.14.13","tranport=443","","","","",""
"itime=1544368919","date=2018-12-09","time=12:21:59","devid=FG-5KD3915800565","vd=REF131396","type=traffic","subtype=forward","action=close","app=HTTP","","appcat=unscanned","","","","","bid=44007393","","","","","","","devname=FW-TRFSEG-01","dstcountry=Argentina","dstintf=vl144in","dstip=200.41.197.1","dstport=80","duration=2","dvid=1105","","","","level=notice","logid=13","logver=52","policyid=2","poluuid=a5996438-65c7-51e6-ab7d-0f4c3477a9fc","proto=6","rcvdbyte=88","rcvdpkt=2","","sentbyte=132","sentpkt=3","service=HTTP","sessionid=2168513537","","","srccountry=""United States""","srcintf=vl2220out","srcip=40.97.152.229","srcport=2744","","","","","","trandisp=dnat","tranip=192.168.14.13","tranport=80","","","","",""
"itime=1544368919","date=2018-12-09","time=12:21:59","devid=FG-5KD3915800565","vd=REF131396","type=traffic","subtype=forward","action=close","app=HTTPS","","appcat=unscanned","","","","","bid=44007398","","","","","","","devname=FW-TRFSEG-01","dstcountry=Argentina","dstintf=vl2220out","dstip=200.41.235.242","dstport=443","duration=1","dvid=1105","","","","level=notice","logid=13","logver=52","policyid=13","poluuid=777f439e-8071-51e8-b54f-fe6cf3d4fc5f","proto=6","rcvdbyte=92","rcvdpkt=2","","sentbyte=132","sentpkt=3","service=HTTPS","sessionid=2168515219","","","srccountry=Reserved","srcintf=vl197","srcip=192.168.197.10","srcport=60339","","","","","","trandisp=snat","","","transip=200.41.197.1","transport=60339","","",""
"itime=1544368919","date=2018-12-09","time=12:21:59","devid=FG-5KD3915800565","vd=REF131396","type=traffic","subtype=forward","action=close","app=HTTPS","","appcat=unscanned","","","","","bid=44007393","","","","","","","devname=FW-TRFSEG-01","dstcountry=Argentina","dstintf=vl144in","dstip=200.41.197.1","dstport=443","duration=10","dvid=1105","","","","level=notice","logid=13","logver=52","policyid=2","poluuid=a5996438-65c7-51e6-ab7d-0f4c3477a9fc","proto=6","rcvdbyte=88","rcvdpkt=2","","sentbyte=132","sentpkt=3","service=HTTPS","sessionid=2168505921","","","srccountry=Argentina","srcintf=vl2220out","srcip=190.16.91.39","srcport=51606","","","","","","trandisp=dnat","tranip=192.168.14.13","tranport=443","","","","",""
"itime=1544368919","date=2018-12-09","time=12:21:59","devid=FG-5KD3915800565","vd=REF131396","type=traffic","subtype=forward","action=close","app=HTTPS","","appcat=unscanned","","","","","bid=44007401","","","","","","","devname=FW-TRFSEG-01","dstcountry=Argentina","dstintf=vl144in","dstip=200.41.197.1","dstport=443","duration=9","dvid=1105","","","","level=notice","logid=13","logver=52","policyid=2","poluuid=a5996438-65c7-51e6-ab7d-0f4c3477a9fc","proto=6","rcvdbyte=88","rcvdpkt=2","","sentbyte=132","sentpkt=3","service=HTTPS","sessionid=2168506714","","","srccountry=Argentina","srcintf=vl2220out","srcip=190.16.91.39","srcport=51607","","","","","","trandisp=dnat","tranip=192.168.14.13","tranport=443","","","","",""
"itime=1544368919","date=2018-12-09","time=12:21:59","devid=FG-5KD3915800565","vd=REF131396","type=traffic","subtype=forward","action=close","app=HTTPS","","appcat=unscanned","","","","","bid=44007398","","","","","","","devname=FW-TRFSEG-01","dstcountry=Argentina","dstintf=vl144in","dstip=200.41.197.1","dstport=443","duration=5","dvid=1105","","","","level=notice","logid=13","logver=52","policyid=2","poluuid=a5996438-65c7-51e6-ab7d-0f4c3477a9fc","proto=6","rcvdbyte=60","rcvdpkt=1","","sentbyte=104","sentpkt=2","service=HTTPS","sessionid=2168511363","","","srccountry=Argentina","srcintf=vl2220out","srcip=24.232.221.34","srcport=55106","","","","","","trandisp=dnat","tranip=192.168.14.13","tranport=443","","","","",""
"itime=1544368919","date=2018-12-09","time=12:21:59","devid=FG-5KD3915800565","vd=REF131396","type=traffic","subtype=forward","action=close","app=HTTPS","","appcat=unscanned","","","","","bid=44007393","","","","","","","devname=FW-TRFSEG-01","dstcountry=Argentina","dstintf=vl2220out","dstip=200.41.235.242","dstport=443","duration=1","dvid=1105","","","","level=notice","logid=13","logver=52","policyid=13","poluuid=777f439e-8071-51e8-b54f-fe6cf3d4fc5f","proto=6","rcvdbyte=92","rcvdpkt=2","","sentbyte=132","sentpkt=3","service=HTTPS","sessionid=2168515161","","","srccountry=Reserved","srcintf=vl197","srcip=192.168.197.13","srcport=64333","","","","","","trandisp=snat","","","transip=200.41.197.1","transport=64333","","",""
"itime=1544368919","date=2018-12-09","time=12:21:59","devid=FG-5KD3915800565","vd=REF131396","type=traffic","subtype=forward","action=close","app=HTTPS","","appcat=unscanned","","","","","bid=44007401","","","","","","","devname=FW-TRFSEG-01","dstcountry=Argentina","dstintf=vl144in","dstip=200.41.197.1","dstport=443","duration=10","dvid=1105","","","","level=notice","logid=13","logver=52","policyid=2","poluuid=a5996438-65c7-51e6-ab7d-0f4c3477a9fc","proto=6","rcvdbyte=88","rcvdpkt=2","","sentbyte=132","sentpkt=3","service=HTTPS","sessionid=2168505798","","","srccountry=Argentina","srcintf=vl2220out","srcip=138.118.214.38","srcport=49860","","","","","","trandisp=dnat","tranip=192.168.14.13","tranport=443","","","","",""
"itime=1544368919","date=2018-12-09","time=12:21:59","devid=FG-5KD3915800565","vd=REF131396","type=traffic","subtype=forward","action=close","app=HTTPS","","appcat=unscanned","","","","","bid=44007398","","","","","","","devname=FW-TRFSEG-01","dstcountry=Argentina","dstintf=vl2220out","dstip=200.41.235.242","dstport=443","duration=1","dvid=1105","","","","level=notice","logid=13","logver=52","policyid=13","poluuid=777f439e-8071-51e8-b54f-fe6cf3d4fc5f","proto=6","rcvdbyte=92","rcvdpkt=2","","sentbyte=132","sentpkt=3","service=HTTPS","sessionid=2168515099","","","srccountry=Reserved","srcintf=vl197","srcip=192.168.197.11","srcport=50900","","","","","","trandisp=snat","","","transip=200.41.197.1","transport=50900","","",""
"itime=1544368919","date=2018-12-09","time=12:21:59","devid=FG-5KD3915800565","vd=REF131396","type=traffic","subtype=forward","action=close","app=HTTP","","appcat=unscanned","","","","","bid=44007393","","","","","","","devname=FW-TRFSEG-01","dstcountry=Argentina","dstintf=vl144in","dstip=200.41.197.1","dstport=80","duration=2","dvid=1105","","","","level=notice","logid=13","logver=52","policyid=2","poluuid=a5996438-65c7-51e6-ab7d-0f4c3477a9fc","proto=6","rcvdbyte=88","rcvdpkt=2","","sentbyte=132","sentpkt=3","service=HTTP","sessionid=2168513545","","","srccountry=""United States""","srcintf=vl2220out","srcip=40.97.152.229","srcport=32828","","","","","","trandisp=dnat","tranip=192.168.14.13","tranport=80","","","","",""
"itime=1544368919","date=2018-12-09","time=12:21:59","devid=FG-5KD3915800565","vd=REF131396","type=traffic","subtype=forward","action=close","app=HTTPS","","appcat=unscanned","","","","","bid=44007397","","","","","","","devname=FW-TRFSEG-01","dstcountry=Argentina","dstintf=vl2220out","dstip=200.41.235.242","dstport=443","duration=1","dvid=1105","","","","level=notice","logid=13","logver=52","policyid=13","poluuid=777f439e-8071-51e8-b54f-fe6cf3d4fc5f","proto=6","rcvdbyte=92","rcvdpkt=2","","sentbyte=132","sentpkt=3","service=HTTPS","sessionid=2168515092","","","srccountry=Reserved","srcintf=vl197","srcip=192.168.197.13","srcport=64332","","","","","","trandisp=snat","","","transip=200.41.197.1","transport=64332","","",""
"itime=1544368919","date=2018-12-09","time=12:21:59","devid=FG-5KD3915800565","vd=REF131396","type=traffic","subtype=forward","action=close","app=HTTPS","","appcat=unscanned","","","","","bid=44007398","","","","","","","devname=FW-TRFSEG-01","dstcountry=Argentina","dstintf=vl144in","dstip=200.41.197.1","dstport=443","duration=330","dvid=1105","","","","level=notice","logid=13","logver=52","policyid=2","poluuid=a5996438-65c7-51e6-ab7d-0f4c3477a9fc","proto=6","rcvdbyte=88","rcvdpkt=2","","sentbyte=132","sentpkt=3","service=HTTPS","sessionid=2168193367","","","srccountry=Spain","srcintf=vl2220out","srcip=90.173.57.118","srcport=62624","","","","","","trandisp=dnat","tranip=192.168.14.13","tranport=443","","","","",""
"itime=1544368919","date=2018-12-09","time=12:21:59","devid=FG-5KD3915800565","vd=REF131396","type=traffic","subtype=forward","action=close","app=HTTPS","","appcat=unscanned","","","","","bid=44007397","","","","","","","devname=FW-TRFSEG-01","dstcountry=Argentina","dstintf=vl144in","dstip=200.41.197.1","dstport=443","duration=330","dvid=1105","","","","level=notice","logid=13","logver=52","policyid=2","poluuid=a5996438-65c7-51e6-ab7d-0f4c3477a9fc","proto=6","rcvdbyte=88","rcvdpkt=2","","sentbyte=132","sentpkt=3","service=HTTPS","sessionid=2168193368","","","srccountry=Spain","srcintf=vl2220out","srcip=90.173.57.118","srcport=62643","","","","","","trandisp=dnat","tranip=192.168.14.13","tranport=443","","","","",""
"itime=1544368919","date=2018-12-09","time=12:21:59","devid=FG-5KD3915800565","vd=REF131396","type=traffic","subtype=forward","action=close","app=HTTPS","","appcat=unscanned","","","","","bid=44007398","","","","","","","devname=FW-TRFSEG-01","dstcountry=Argentina","dstintf=vl144in","dstip=200.41.197.1","dstport=443","duration=5","dvid=1105","","","","level=notice","logid=13","logver=52","policyid=2","poluuid=a5996438-65c7-51e6-ab7d-0f4c3477a9fc","proto=6","rcvdbyte=60","rcvdpkt=1","","sentbyte=100","sentpkt=2","service=HTTPS","sessionid=2168510243","","","srccountry=Italy","srcintf=vl2220out","srcip=93.44.105.232","srcport=14395","","","","","","trandisp=dnat","tranip=192.168.14.13","tranport=443","","","","",""
"itime=1544368919","date=2018-12-09","time=12:21:59","devid=FG-5KD3915800565","vd=REF131396","type=traffic","subtype=forward","action=close","app=HTTPS","","appcat=unscanned","","","","","bid=44007398","","","","","","","devname=FW-TRFSEG-01","dstcountry=Argentina","dstintf=vl144in","dstip=200.41.197.1","dstport=443","duration=11","dvid=1105","","","","level=notice","logid=13","logver=52","policyid=2","poluuid=a5996438-65c7-51e6-ab7d-0f4c3477a9fc","proto=6","rcvdbyte=88","rcvdpkt=2","","sentbyte=132","sentpkt=3","service=HTTPS","sessionid=2168504663","","","srccountry=Argentina","srcintf=vl2220out","srcip=186.137.186.148","srcport=51960","","","","","","trandisp=dnat","tranip=192.168.14.13","tranport=443","","","","",""
"itime=1544368919","date=2018-12-09","time=12:21:59","devid=FG-5KD3915800565","vd=REF131396","type=traffic","subtype=forward","action=close","app=HTTPS","","appcat=unscanned","","","","","bid=44007398","","","","","","","devname=FW-TRFSEG-01","dstcountry=Argentina","dstintf=vl144in","dstip=200.41.197.1","dstport=443","duration=10","dvid=1105","","","","level=notice","logid=13","logver=52","policyid=2","poluuid=a5996438-65c7-51e6-ab7d-0f4c3477a9fc","proto=6","rcvdbyte=88","rcvdpkt=2","","sentbyte=132","sentpkt=3","service=HTTPS","sessionid=2168505295","","","srccountry=Argentina","srcintf=vl2220out","srcip=186.0.176.149","srcport=51501","","","","","","trandisp=dnat","tranip=192.168.14.13","tranport=443","","","","",""
"itime=1544368919","date=2018-12-09","time=12:21:59","devid=FG-5KD3915800565","vd=REF131396","type=traffic","subtype=forward","action=close","app=HTTPS","","appcat=unscanned","","","","","bid=44007401","","","","","","","devname=FW-TRFSEG-01","dstcountry=Argentina","dstintf=vl144in","dstip=200.41.197.1","dstport=443","duration=1061","dvid=1105","","","","level=notice","logid=13","logver=52","policyid=2","poluuid=a5996438-65c7-51e6-ab7d-0f4c3477a9fc","proto=6","rcvdbyte=88","rcvdpkt=2","","sentbyte=132","sentpkt=3","service=HTTPS","sessionid=2167488614","","","srccountry=""United States""","srcintf=vl2220out","srcip=165.84.230.3","srcport=50442","","","","","","trandisp=dnat","tranip=192.168.14.13","tranport=443","","","","",""
"itime=1544368919","date=2018-12-09","time=12:21:58","devid=FG-5KD3915800565","vd=REF131396","type=traffic","subtype=forward","action=close","app=HTTPS","","appcat=unscanned","","","","","bid=44007401","","","","","","","devname=FW-TRFSEG-01","dstcountry=Argentina","dstintf=vl144in","dstip=200.41.197.1","dstport=443","duration=1058","dvid=1105","","","","level=notice","logid=13","logver=52","policyid=2","poluuid=a5996438-65c7-51e6-ab7d-0f4c3477a9fc","proto=6","rcvdbyte=88","rcvdpkt=2","","sentbyte=132","sentpkt=3","service=HTTPS","sessionid=2167491762","","","srccountry=""United States""","srcintf=vl2220out","srcip=165.84.230.3","srcport=50443","","","","","","trandisp=dnat","tranip=192.168.14.13","tranport=443","","","","",""
"itime=1544368919","date=2018-12-09","time=12:21:59","devid=FG-5KD3915800565","vd=REF131396","type=traffic","subtype=forward","action=close","app=HTTPS","","appcat=unscanned","","","","","bid=44007393","","","","","","","devname=FW-TRFSEG-01","dstcountry=Argentina","dstintf=vl144in","dstip=200.41.197.1","dstport=443","duration=8","dvid=1105","","","","level=notice","logid=13","logver=52","policyid=2","poluuid=a5996438-65c7-51e6-ab7d-0f4c3477a9fc","proto=6","rcvdbyte=84","rcvdpkt=2","","sentbyte=124","sentpkt=3","service=HTTPS","sessionid=2168507517","","","srccountry=Argentina","srcintf=vl2220out","srcip=200.115.1.184","srcport=58599","","","","","","trandisp=dnat","tranip=192.168.14.13","tranport=443","","","","",""
"itime=1544368919","date=2018-12-09","time=12:21:58","devid=FG-5KD3915800565","vd=REF131396","type=traffic","subtype=forward","action=close","app=HTTPS","","appcat=unscanned","","","","","bid=44007393","","","","","","","devname=FW-TRFSEG-01","dstcountry=Argentina","dstintf=vl144in","dstip=200.41.197.1","dstport=443","duration=5","dvid=1105","","","","level=notice","logid=13","logver=52","policyid=2","poluuid=a5996438-65c7-51e6-ab7d-0f4c3477a9fc","proto=6","rcvdbyte=60","rcvdpkt=1","","sentbyte=100","sentpkt=2","service=HTTPS","sessionid=2168510233","","","srccountry=Italy","srcintf=vl2220out","srcip=93.44.105.232","srcport=14394","","","","","","trandisp=dnat","tranip=192.168.14.13","tranport=443","","","","",""
"itime=1544368919","date=2018-12-09","time=12:21:58","devid=FG-5KD3915800565","vd=REF131396","type=traffic","subtype=forward","action=close","app=HTTPS","","appcat=unscanned","","","","","bid=44007398","","","","","","","devname=FW-TRFSEG-01","dstcountry=Argentina","dstintf=vl144in","dstip=200.41.197.1","dstport=443","duration=10","dvid=1105","","","","level=notice","logid=13","logver=52","policyid=2","poluuid=a5996438-65c7-51e6-ab7d-0f4c3477a9fc","proto=6","rcvdbyte=88","rcvdpkt=2","","sentbyte=132","sentpkt=3","service=HTTPS","sessionid=2168505091","","","srccountry=Chile","srcintf=vl2220out","srcip=201.241.7.41","srcport=51933","","","","","","trandisp=dnat","tranip=192.168.14.13","tranport=443","","","","",""
"itime=1544368919","date=2018-12-09","time=12:21:58","devid=FG-5KD3915800565","vd=REF131396","type=traffic","subtype=forward","action=close","app=HTTPS","","appcat=unscanned","","","","","bid=44007397","","","","","","","devname=FW-TRFSEG-01","dstcountry=Argentina","dstintf=vl144in","dstip=200.41.197.1","dstport=443","duration=11","dvid=1105","","","","level=notice","logid=13","logver=52","policyid=2","poluuid=a5996438-65c7-51e6-ab7d-0f4c3477a9fc","proto=6","rcvdbyte=88","rcvdpkt=2","","sentbyte=132","sentpkt=3","service=HTTPS","sessionid=2168504056","","","srccountry=Argentina","srcintf=vl2220out","srcip=181.168.65.222","srcport=58109","","","","","","trandisp=dnat","tranip=192.168.14.13","tranport=443","","","","",""
"itime=1544368919","date=2018-12-09","time=12:21:58","devid=FG-5KD3915800565","vd=REF131396","type=traffic","subtype=forward","action=close","app=HTTPS","","appcat=unscanned","","","","","bid=44007398","","","","","","","devname=FW-TRFSEG-01","dstcountry=Argentina","dstintf=vl144in","dstip=200.41.197.1","dstport=443","duration=11","dvid=1105","","","","level=notice","logid=13","logver=52","policyid=2","poluuid=a5996438-65c7-51e6-ab7d-0f4c3477a9fc","proto=6","rcvdbyte=88","rcvdpkt=2","","sentbyte=132","sentpkt=3","service=HTTPS","sessionid=2168504719","","","srccountry=Argentina","srcintf=vl2220out","srcip=179.39.221.83","srcport=53773","","","","","","trandisp=dnat","tranip=192.168.14.13","tranport=443","","","","",""
"itime=1544368919","date=2018-12-09","time=12:21:58","devid=FG-5KD3915800565","vd=REF131396","type=traffic","subtype=forward","action=close","app=HTTPS","","appcat=unscanned","","","","","bid=44007393","","","","","","","devname=FW-TRFSEG-01","dstcountry=Argentina","dstintf=vl144in","dstip=200.41.197.1","dstport=443","duration=5","dvid=1105","","","","level=notice","logid=13","logver=52","policyid=2","poluuid=a5996438-65c7-51e6-ab7d-0f4c3477a9fc","proto=6","rcvdbyte=88","rcvdpkt=2","","sentbyte=132","sentpkt=3","service=HTTPS","sessionid=2168510517","","","srccountry=Argentina","srcintf=vl2220out","srcip=190.16.153.92","srcport=61969","","","","","","trandisp=dnat","tranip=192.168.14.13","tranport=443","","","","",""
"itime=1544368919","date=2018-12-09","time=12:21:59","devid=FG-5KD3915800565","vd=REF131396","type=traffic","subtype=forward","action=timeout","app=HTTPS","","appcat=unscanned","","","","","bid=44007397","","","","craction=262144","crlevel=low","crscore=5","devname=FW-TRFSEG-01","dstcountry=Argentina","dstintf=vl144in","dstip=200.41.197.1","dstport=443","duration=391","dvid=1105","","","","level=notice","logid=13","logver=52","policyid=2","poluuid=a5996438-65c7-51e6-ab7d-0f4c3477a9fc","proto=6","rcvdbyte=60","rcvdpkt=1","","sentbyte=112","sentpkt=2","service=HTTPS","sessionid=2168132840","","","srccountry=Argentina","srcintf=vl2220out","srcip=186.153.210.65","srcport=53875","threatcnts={1}","threatlvls={1}","threats={failed-connection}","threattyps={failed-connection}","threatwgts={5}","trandisp=dnat","tranip=192.168.14.13","tranport=443","","","","",""
"itime=1544368919","date=2018-12-09","time=12:21:58","devid=FG-5KD3915800565","vd=REF131396","type=traffic","subtype=forward","action=close","app=HTTPS","","appcat=unscanned","","","","","bid=44007393","","","","","","","devname=FW-TRFSEG-01","dstcountry=Argentina","dstintf=vl144in","dstip=200.41.197.1","dstport=443","duration=3666","dvid=1105","","","","level=notice","logid=13","logver=52","policyid=2","poluuid=a5996438-65c7-51e6-ab7d-0f4c3477a9fc","proto=6","rcvdbyte=88","rcvdpkt=2","","sentbyte=172","sentpkt=4","service=HTTPS","sessionid=2164629325","","","srccountry=Argentina","srcintf=vl2220out","srcip=181.171.163.5","srcport=61223","","","","","","trandisp=dnat","tranip=192.168.14.13","tranport=443","","","","",""
"itime=1544368919","date=2018-12-09","time=12:21:58","devid=FG-5KD3915800565","vd=REF131396","type=traffic","subtype=forward","action=close","app=HTTP","","appcat=unscanned","","","","","bid=44007393","","","","","","","devname=FW-TRFSEG-01","dstcountry=Argentina","dstintf=vl144in","dstip=200.41.197.1","dstport=80","duration=31","dvid=1105","","","","level=notice","logid=13","logver=52","policyid=2","poluuid=a5996438-65c7-51e6-ab7d-0f4c3477a9fc","proto=6","rcvdbyte=112","rcvdpkt=2","","sentbyte=168","sentpkt=3","service=HTTP","sessionid=2168485977","","","srccountry=Argentina","srcintf=vl2220out","srcip=186.18.34.22","srcport=50153","","","","","","trandisp=dnat","tranip=192.168.14.13","tranport=80","","","","",""
"itime=1544368919","date=2018-12-09","time=12:21:58","devid=FG-5KD3915800565","vd=REF131396","type=traffic","subtype=forward","action=close","app=HTTP","","appcat=unscanned","","","","","bid=44007401","","","","","","","devname=FW-TRFSEG-01","dstcountry=Argentina","dstintf=vl144in","dstip=200.41.197.1","dstport=80","duration=31","dvid=1105","","","","level=notice","logid=13","logver=52","policyid=2","poluuid=a5996438-65c7-51e6-ab7d-0f4c3477a9fc","proto=6","rcvdbyte=112","rcvdpkt=2","","sentbyte=995","sentpkt=4","service=HTTP","sessionid=2168485970","","","srccountry=Argentina","srcintf=vl2220out","srcip=186.18.34.22","srcport=50222","","","","","","trandisp=dnat","tranip=192.168.14.13","tranport=80","","","","",""
"itime=1544368919","date=2018-12-09","time=12:21:58","devid=FG-5KD3915800565","vd=REF131396","type=traffic","subtype=forward","action=close","app=HTTP","","appcat=unscanned","","","","","bid=44007393","","","","","","","devname=FW-TRFSEG-01","dstcountry=Argentina","dstintf=vl144in","dstip=200.41.197.1","dstport=80","duration=32","dvid=1105","","","","level=notice","logid=13","logver=52","policyid=2","poluuid=a5996438-65c7-51e6-ab7d-0f4c3477a9fc","proto=6","rcvdbyte=112","rcvdpkt=2","","sentbyte=168","sentpkt=3","service=HTTP","sessionid=2168485633","","","srccountry=Argentina","srcintf=vl2220out","srcip=186.18.34.22","srcport=50148","","","","","","trandisp=dnat","tranip=192.168.14.13","tranport=80","","","","",""
"itime=1544368919","date=2018-12-09","time=12:21:58","devid=FG-5KD3915800565","vd=REF131396","type=traffic","subtype=forward","action=close","app=HTTP","","appcat=unscanned","","","","","bid=44007401","","","","","","","devname=FW-TRFSEG-01","dstcountry=Argentina","dstintf=vl144in","dstip=200.41.197.1","dstport=80","duration=31","dvid=1105","","","","level=notice","logid=13","logver=52","policyid=2","poluuid=a5996438-65c7-51e6-ab7d-0f4c3477a9fc","proto=6","rcvdbyte=112","rcvdpkt=2","","sentbyte=989","sentpkt=4","service=HTTP","sessionid=2168485974","","","srccountry=Argentina","srcintf=vl2220out","srcip=186.18.34.22","srcport=50081","","","","","","trandisp=dnat","tranip=192.168.14.13","tranport=80","","","","",""
"itime=1544368919","date=2018-12-09","time=12:21:59","devid=FG-5KD3915800565","vd=REF1007183","type=traffic","subtype=forward","action=timeout","app=8183/tcp","","appcat=unknown","","applist=""Acceso General""","","","bid=44007397","","","","craction=262144","crlevel=low","crscore=5","devname=FW-TRFSEG-01","dstcountry=Reserved","dstintf=vl2186out","dstip=192.168.0.10","dstport=8183","duration=33","dvid=1054","","","","level=notice","logid=13","logver=52","policyid=5","poluuid=9d0aa250-65c7-51e6-0a30-72c240298e3e","proto=6","rcvdbyte=0","","","sentbyte=104","sentpkt=2","service=8183/tcp","sessionid=2168485656","","","srccountry=Reserved","srcintf=vl2187in","srcip=10.241.174.197","srcport=58419","threatcnts={1}","threatlvls={1}","threats={failed-connection}","threattyps={failed-connection}","threatwgts={5}","trandisp=snat","","","transip=200.16.133.80","transport=58419","","",""
"itime=1544368919","date=2018-12-09","time=12:21:59","devid=FG-5KD3915800565","vd=REF1007183","type=traffic","subtype=forward","action=accept","app=QUIC","appact=detected","appcat=Network.Service","appid=40169","applist=""Acceso General""","apprisk=low","apps={QUIC}","bid=44007393","","countapp=1","","","","","devname=FW-TRFSEG-01","dstcountry=Brazil","dstintf=vl2186out","dstip=216.58.222.46","dstport=443","duration=60","dvid=1054","","","","level=notice","logid=13","logver=52","policyid=5","poluuid=9d0aa250-65c7-51e6-0a30-72c240298e3e","proto=17","rcvdbyte=1437","rcvdpkt=2","saasinfo={0}","sentbyte=1847","sentpkt=3","service=443/udp","sessionid=2168459929","","","srccountry=Reserved","srcintf=vl2187in","srcip=10.241.161.143","srcport=49331","","","","","","trandisp=snat","","","transip=200.16.133.80","transport=49331","user=DESPACHO.BAHIA","utmaction=allow","utmref=BAQAAAAEAAAByHQCoXA7YlmnbMg1c"
"itime=1544368919","date=2018-12-09","time=12:21:58","devid=FG-5KD3915800565","vd=REF1007183","type=traffic","subtype=forward","action=accept","app=QUIC","appact=detected","appcat=Network.Service","appid=40169","applist=""Acceso General""","apprisk=low","apps={QUIC}","bid=44007393","","countapp=1","","","","","devname=FW-TRFSEG-01","dstcountry=Brazil","dstintf=vl2186out","dstip=216.58.202.42","dstport=443","duration=60","dvid=1054","","","","level=notice","logid=13","logver=52","policyid=5","poluuid=9d0aa250-65c7-51e6-0a30-72c240298e3e","proto=17","rcvdbyte=1439","rcvdpkt=2","saasinfo={0}","sentbyte=4628","sentpkt=4","service=443/udp","sessionid=2168459353","","","srccountry=Reserved","srcintf=vl2187in","srcip=10.241.160.46","srcport=64624","","","","","","trandisp=snat","","","transip=200.16.133.80","transport=64624","","utmaction=allow","utmref=BAQAAAAEAAAByHQCgXA7YlmnbMg1c"
"itime=1544368919","date=2018-12-09","time=12:21:58","devid=FG-5KD3915800565","vd=REF1007183","type=traffic","subtype=forward","action=close","app=MS.Windows.Update","appact=detected","appcat=Update","appid=16009","applist=""Acceso General""","apprisk=elevated","apps={MS.Windows.Update}","bid=44007393","","countapp=1","","","","","devname=FW-TRFSEG-01","dstcountry=""United States""","dstintf=vl2186out","dstip=13.107.5.88","dstport=443","duration=126","dvid=1054","","group=Acceso_General","","level=notice","logid=13","logver=52","policyid=75","poluuid=9d0bc9a0-65c7-51e6-abfe-52b10b81f49d","proto=6","rcvdbyte=376","rcvdpkt=4","saasinfo={0}","sentbyte=172","sentpkt=4","service=HTTPS","sessionid=2168393085","","","srccountry=Reserved","srcintf=vl2187in","srcip=10.241.161.94","srcport=58110","","","","","","trandisp=snat","","","transip=200.16.133.80","transport=58110","user=ENRIQUE.FERREYRA","utmaction=allow","utmref=BAQAAAAEAAAByHQDkVA7AlGmYMg1c"
"itime=1544368919","date=2018-12-09","time=12:21:59","devid=FG-5KD3915800565","vd=REF1008343","type=traffic","subtype=forward","action=close","app=Gmail","appact=detected","appcat=Email","appid=15817","applist=Block_Netflix_P2P","apprisk=medium","apps={Gmail}","bid=44007401","","countapp=1","","","","","devname=FW-TRFSEG-01","dstcountry=Argentina","dstintf=vl2216out","dstip=172.217.30.229","dstport=443","duration=245","dvid=1070","","","","level=notice","logid=13","logver=52","policyid=1","poluuid=a2557bb8-65c7-51e6-214b-852a08087d73","proto=6","rcvdbyte=722","rcvdpkt=8","saasinfo={10}","sentbyte=1636","sentpkt=5","service=HTTPS","sessionid=2168276158","","","srccountry=Reserved","srcintf=vl2217in","srcip=10.221.52.23","srcport=58895","","","","","","trandisp=snat","","","transip=200.51.85.28","transport=58895","","utmaction=allow","utmref=BAQAAAAEAAAByLQA4LA4QkWkiMg1c"
"itime=1544368919","date=2018-12-09","time=12:21:59","devid=FG-5KD3915800565","vd=REF1008343","type=traffic","subtype=forward","action=close","app=Google.Accounts","appact=detected","appcat=General.Interest","appid=38131","applist=Block_Netflix_P2P","apprisk=elevated","apps={Google.Accounts}","bid=44007397","","countapp=1","","","","","devname=FW-TRFSEG-01","dstcountry=Argentina","dstintf=vl2216out","dstip=172.217.28.195","dstport=80","duration=1","dvid=1070","","","","level=notice","logid=13","logver=52","policyid=1","poluuid=a2557bb8-65c7-51e6-214b-852a08087d73","proto=6","rcvdbyte=164","rcvdpkt=3","saasinfo={0}","sentbyte=216","sentpkt=4","service=HTTP","sessionid=2168515484","","","srccountry=Reserved","srcintf=vl2217in","srcip=10.221.31.131","srcport=39440","","","","","","trandisp=snat","","","transip=200.51.85.28","transport=39440","","utmaction=allow","utmref=BAQAAAAEAAAByLQByRA6wmGkWMw1c"
"itime=1544368919","date=2018-12-09","time=12:21:59","devid=FG-5KD3915800565","vd=REF1008343","type=traffic","subtype=forward","action=accept","app=DNS","appact=detected","appcat=Network.Service","appid=16195","applist=Block_Netflix_P2P","apprisk=elevated","","bid=44007398","","","","","","","devname=FW-TRFSEG-01","dstcountry=""United States""","dstintf=vl2216out","dstip=8.8.8.8","dstport=53","duration=60","dvid=1070","","","","level=notice","logid=13","logver=52","policyid=1","poluuid=a2557bb8-65c7-51e6-214b-852a08087d73","proto=17","rcvdbyte=76","rcvdpkt=1","","sentbyte=60","sentpkt=1","service=DNS","sessionid=2168459895","","","srccountry=Reserved","srcintf=vl2217in","srcip=10.221.61.232","srcport=41877","","","","","","trandisp=snat","","","transip=200.51.85.28","transport=41877","","",""
"itime=1544368919","date=2018-12-09","time=12:21:59","devid=FG-5KD3915800565","vd=REF1008343","type=traffic","subtype=forward","action=accept","app=DNS","appact=detected","appcat=Network.Service","appid=16195","applist=Block_Netflix_P2P","apprisk=elevated","","bid=44007393","","","","","","","devname=FW-TRFSEG-01","dstcountry=""United States""","dstintf=vl2216out","dstip=8.8.4.4","dstport=53","duration=60","dvid=1070","","","","level=notice","logid=13","logver=52","policyid=1","poluuid=a2557bb8-65c7-51e6-214b-852a08087d73","proto=17","rcvdbyte=76","rcvdpkt=1","","sentbyte=60","sentpkt=1","service=DNS","sessionid=2168459897","","","srccountry=Reserved","srcintf=vl2217in","srcip=10.221.61.232","srcport=42420","","","","","","trandisp=snat","","","transip=200.51.85.28","transport=42420","","",""
"itime=1544368919","date=2018-12-09","time=12:21:59","devid=FG-5KD3915800565","vd=REF1008343","type=traffic","subtype=forward","action=close","app=Facebook","appact=detected","appcat=Social.Media","appid=15832","applist=Block_Netflix_P2P","apprisk=medium","apps={Facebook}","bid=44007397","","countapp=1","","","","","devname=FW-TRFSEG-01","dstcountry=Argentina","dstintf=vl2216out","dstip=31.13.94.19","dstport=443","duration=191","dvid=1070","","","","level=notice","logid=13","logver=52","policyid=1","poluuid=a2557bb8-65c7-51e6-214b-852a08087d73","proto=6","rcvdbyte=578","rcvdpkt=6","saasinfo={10}","sentbyte=336","sentpkt=7","service=HTTPS","sessionid=2168330748","","","srccountry=Reserved","srcintf=vl2217in","srcip=10.221.172.13","srcport=39993","","","","","","trandisp=snat","","","transip=200.51.85.28","transport=39993","","utmaction=allow","utmref=BAQAAAAEAAAByLQCWMQ7IkmlZMg1c"
"itime=1544368919","date=2018-12-09","time=12:21:59","devid=FG-5KD3915800565","vd=REF1008343","type=traffic","subtype=forward","action=close","app=HTTPS.BROWSER","appact=detected","appcat=Web.Others","appid=40568","applist=Block_Netflix_P2P","apprisk=medium","","bid=44007397","","","","","","","devname=FW-TRFSEG-01","dstcountry=Argentina","dstintf=vl2216out","dstip=31.13.94.32","dstport=443","duration=47","dvid=1070","","","","level=notice","logid=13","logver=52","policyid=1","poluuid=a2557bb8-65c7-51e6-214b-852a08087d73","proto=6","rcvdbyte=256","rcvdpkt=5","","sentbyte=216","sentpkt=4","service=HTTPS","sessionid=2168471856","","","srccountry=Reserved","srcintf=vl2217in","srcip=10.221.31.127","srcport=41738","","","","","","trandisp=snat","","","transip=200.51.85.28","transport=41738","","",""
"itime=1544368919","date=2018-12-09","time=12:21:58","devid=FG-5KD3915800565","vd=REF1008343","type=traffic","subtype=forward","action=close","app=HTTPS.BROWSER","appact=detected","appcat=Web.Others","appid=40568","applist=Block_Netflix_P2P","apprisk=medium","","bid=44007401","","","","","","","devname=FW-TRFSEG-01","dstcountry=Canada","dstintf=vl2216out","dstip=208.71.185.246","dstport=443","duration=17","dvid=1070","","","","level=notice","logid=13","logver=52","policyid=1","poluuid=a2557bb8-65c7-51e6-214b-852a08087d73","proto=6","rcvdbyte=296","rcvdpkt=6","","sentbyte=688","sentpkt=5","service=HTTPS","sessionid=2168498610","","","srccountry=Reserved","srcintf=vl2217in","srcip=10.221.61.232","srcport=49167","","","","","","trandisp=snat","","","transip=200.51.85.28","transport=49167","","",""
"itime=1544368919","date=2018-12-09","time=12:21:58","devid=FG-5KD3915800565","vd=REF1007704","type=traffic","subtype=forward","action=close","app=HTTPS.BROWSER","appact=detected","appcat=Web.Others","appid=40568","applist=Permit-Office","apprisk=medium","apps={HTTPS.BROWSER}","bid=44007371","","countapp=1","countweb=1","","","","devname=FW-TRFSEG-01","dstcountry=""United States""","dstintf=vl2194out","dstip=40.121.16.193","dstport=443","duration=6","dvid=1061","","","hostname=pagos.caldenoil.com","level=notice","logid=13","logver=52","policyid=4","poluuid=9f547f0e-65c7-51e6-33e5-d030df8c5fbc","proto=6","rcvdbyte=5626","rcvdpkt=13","saasinfo={0}","sentbyte=1156","sentpkt=12","service=HTTPS","sessionid=2168509506","","","srccountry=Reserved","srcintf=vl2195in","srcip=10.63.1.222","srcport=61821","","","","","","trandisp=snat","","","transip=200.5.229.232","transport=61821","","utmaction=allow","utmref=BAQAAAAIAAAB3JABGPA6QmGkSMw1cciQAOjwOiJhpETMNXA=="
"itime=1544368919","date=2018-12-09","time=12:21:58","devid=FG-5KD3915800565","vd=REF1007704","type=traffic","subtype=forward","action=close","app=HTTPS.BROWSER","appact=detected","appcat=Web.Others","appid=40568","applist=Permit-Office","apprisk=medium","apps={HTTPS.BROWSER}","bid=44007365","","countapp=1","countweb=1","","","","devname=FW-TRFSEG-01","dstcountry=""United States""","dstintf=vl2194out","dstip=40.121.16.193","dstport=443","duration=11","dvid=1061","","","hostname=pagos.caldenoil.com","level=notice","logid=13","logver=52","policyid=4","poluuid=9f547f0e-65c7-51e6-33e5-d030df8c5fbc","proto=6","rcvdbyte=7691","rcvdpkt=16","saasinfo={0}","sentbyte=1208","sentpkt=13","service=HTTPS","sessionid=2168504088","","","srccountry=Reserved","srcintf=vl2195in","srcip=10.63.21.190","srcport=52621","","","","","","trandisp=snat","","","transip=200.5.229.232","transport=52621","","utmaction=allow","utmref=BAQAAAAIAAAB3JAAwPA6AmGkQMw1cciQAHjwOeJhpDzMNXA=="
"itime=1544368919","date=2018-12-09","time=12:21:58","devid=FG-5KD3915800565","vd=REF1007704","type=traffic","subtype=forward","action=close","app=HTTPS.BROWSER","appact=detected","appcat=Web.Others","appid=40568","applist=Permit-Office","apprisk=medium","apps={HTTPS.BROWSER}","bid=44007367","","countapp=1","countweb=1","","","","devname=FW-TRFSEG-01","dstcountry=""United States""","dstintf=vl2194out","dstip=40.121.16.193","dstport=443","duration=6","dvid=1061","","","hostname=pagos.caldenoil.com","level=notice","logid=13","logver=52","policyid=4","poluuid=9f547f0e-65c7-51e6-33e5-d030df8c5fbc","proto=6","rcvdbyte=5626","rcvdpkt=13","saasinfo={0}","sentbyte=1156","sentpkt=12","service=HTTPS","sessionid=2168509491","","","srccountry=Reserved","srcintf=vl2195in","srcip=10.63.20.190","srcport=49251","","","","","","trandisp=snat","","","transip=200.5.229.232","transport=49251","","utmaction=allow","utmref=BAQAAAAIAAAB3JABEPA6QmGkSMw1cciQAODwOiJhpETMNXA=="
"itime=1544368919","date=2018-12-09","time=12:21:58","devid=FG-5KD3915800565","vd=REF1007704","type=traffic","subtype=forward","action=close","app=HTTPS.BROWSER","appact=detected","appcat=Web.Others","appid=40568","applist=Permit-Office","apprisk=medium","apps={HTTPS.BROWSER}","bid=44007393","","countapp=1","countweb=1","","","","devname=FW-TRFSEG-01","dstcountry=""United States""","dstintf=vl2194out","dstip=40.121.16.193","dstport=443","duration=10","dvid=1061","","","hostname=pagos.caldenoil.com","level=notice","logid=13","logver=52","policyid=4","poluuid=9f547f0e-65c7-51e6-33e5-d030df8c5fbc","proto=6","rcvdbyte=5618","rcvdpkt=13","saasinfo={0}","sentbyte=1208","sentpkt=13","service=HTTPS","sessionid=2168505365","","","srccountry=Reserved","srcintf=vl2195in","srcip=10.63.0.190","srcport=56057","","","","","","trandisp=snat","","","transip=200.5.229.232","transport=56057","","utmaction=allow","utmref=BAQAAAAIAAAB3JAA-PA6ImGkRMw1cciQAGDwOeJhpDzMNXA=="
"itime=1544368919","date=2018-12-09","time=12:21:58","devid=FG-5KD3915800565","vd=REF1007704","type=traffic","subtype=forward","action=close","app=HTTPS.BROWSER","appact=detected","appcat=Web.Others","appid=40568","applist=Permit-Office","apprisk=medium","apps={HTTPS.BROWSER}","bid=44007367","","countapp=1","countweb=1","","","","devname=FW-TRFSEG-01","dstcountry=""United States""","dstintf=vl2194out","dstip=40.121.16.193","dstport=443","duration=8","dvid=1061","","","hostname=pagos.caldenoil.com","level=notice","logid=13","logver=52","policyid=4","poluuid=9f547f0e-65c7-51e6-33e5-d030df8c5fbc","proto=6","rcvdbyte=5618","rcvdpkt=13","saasinfo={0}","sentbyte=1208","sentpkt=13","service=HTTPS","sessionid=2168506915","","","srccountry=Reserved","srcintf=vl2195in","srcip=10.63.2.46","srcport=51685","","","","","","trandisp=snat","","","transip=200.5.229.232","transport=51685","","utmaction=allow","utmref=BAQAAAAIAAAB3JABCPA6ImGkRMw1cciQAJjwOgJhpEDMNXA=="
"itime=1544368919","date=2018-12-09","time=12:21:58","devid=FG-5KD3915800565","vd=REF1007704","type=traffic","subtype=forward","action=close","app=HTTPS.BROWSER","appact=detected","appcat=Web.Others","appid=40568","applist=Permit-Office","apprisk=medium","apps={HTTPS.BROWSER}","bid=44007367","","countapp=1","countweb=1","","","","devname=FW-TRFSEG-01","dstcountry=""United States""","dstintf=vl2194out","dstip=40.121.16.193","dstport=443","duration=6","dvid=1061","","","hostname=pagos.caldenoil.com","level=notice","logid=13","logver=52","policyid=4","poluuid=9f547f0e-65c7-51e6-33e5-d030df8c5fbc","proto=6","rcvdbyte=5626","rcvdpkt=13","saasinfo={0}","sentbyte=1156","sentpkt=12","service=HTTPS","sessionid=2168509355","","","srccountry=Reserved","srcintf=vl2195in","srcip=10.63.5.30","srcport=65242","","","","","","trandisp=snat","","","transip=200.5.229.232","transport=65242","","utmaction=allow","utmref=BAQAAAAIAAAB3JABAPA6ImGkRMw1cciQANDwOiJhpETMNXA=="
"itime=1544368919","date=2018-12-09","time=12:21:59","devid=FG-5KD3915800565","vd=OCA","type=traffic","subtype=forward","action=close","app=Microsoft.Outlook.Office.365","appact=detected","appcat=Email","appid=45553","applist=default","apprisk=medium","apps={Microsoft.Outlook.Office.365}","bid=44007371","","countapp=1","","","","","devname=FW-TRFSEG-01","dstcountry=Chile","dstintf=vl2145out","dstip=40.102.34.226","dstport=443","duration=100","dvid=1039","","","","level=notice","logid=13","logver=52","policyid=2","poluuid=96187800-65c7-51e6-7076-fa941852f808","proto=6","rcvdbyte=168","rcvdpkt=4","saasinfo={10}","sentbyte=288","sentpkt=7","service=HTTPS","sessionid=2168420062","","","srccountry=Reserved","srcintf=vl129","srcip=172.16.8.230","srcport=51625","","","","","","trandisp=snat","","","transip=200.5.104.105","transport=51625","","utmaction=allow","utmref=BAQAAAAEAAAByDgCuqA2YlWmzMg1c"
"itime=1544368919","date=2018-12-09","time=12:21:59","devid=FG-5KD3915800565","vd=OCA","type=traffic","subtype=forward","action=close","app=Microsoft.Tenant.Namespace","appact=detected","appcat=Collaboration","appid=41471","applist=default","apprisk=elevated","apps={Microsoft.Tenant.Namespace}","bid=44007367","catdesc=""Information Technology""","countapp=1","countweb=1","","","","devname=FW-TRFSEG-01","dstcountry=Chile","dstintf=vl2145out","dstip=40.102.34.40","dstport=80","duration=5","dvid=1039","ebtime={{""[1544358115,1544358119)""}}","","hostname=autodiscover.ocasrl.mail.onmicrosoft.com","level=notice","logid=13","logver=52","policyid=2","poluuid=96187800-65c7-51e6-7076-fa941852f808","proto=6","rcvdbyte=637","rcvdpkt=5","saasinfo={0}","sentbyte=535","sentpkt=5","service=HTTP","sessionid=2168511215","","","srccountry=Reserved","srcintf=vl129","srcip=172.16.8.231","srcport=10072","","","","","","trandisp=snat","","","transip=200.5.104.105","transport=10072","","utmaction=allow","utmref=BAQAAAAIAAAB3DgBErw2QmGkSMw1ccg4AQq8NkJhpEjMNXA=="
"itime=1544368919","date=2018-12-09","time=12:21:59","devid=FG-5KD3915800565","vd=OCA","type=traffic","subtype=forward","action=close","app=Microsoft.Tenant.Namespace","appact=detected","appcat=Collaboration","appid=41471","applist=default","apprisk=elevated","apps={Microsoft.Tenant.Namespace}","bid=44007365","catdesc=""Information Technology""","countapp=1","countweb=1","","","","devname=FW-TRFSEG-01","dstcountry=Chile","dstintf=vl2145out","dstip=40.102.34.40","dstport=80","duration=5","dvid=1039","ebtime={{""[1544358115,1544358119)""}}","","hostname=autodiscover.ocasrl.mail.onmicrosoft.com","level=notice","logid=13","logver=52","policyid=2","poluuid=96187800-65c7-51e6-7076-fa941852f808","proto=6","rcvdbyte=637","rcvdpkt=5","saasinfo={0}","sentbyte=535","sentpkt=5","service=HTTP","sessionid=2168511100","","","srccountry=Reserved","srcintf=vl129","srcip=172.16.8.231","srcport=10069","","","","","","trandisp=snat","","","transip=200.5.104.105","transport=10069","","utmaction=allow","utmref=BAQAAAAIAAAB3DgBArw2QmGkSMw1ccg4APq8NkJhpEjMNXA=="
"itime=1544368919","date=2018-12-09","time=12:21:59","devid=FG-5KD3915800565","vd=OCA","type=traffic","subtype=forward","action=close","app=Google.Accounts","appact=detected","appcat=General.Interest","appid=38131","applist=default","apprisk=elevated","apps={Google.Accounts}","bid=44007371","","countapp=1","","","","","devname=FW-TRFSEG-01","dstcountry=""United States""","dstintf=vl2145out","dstip=172.217.162.3","dstport=443","duration=3","dvid=1039","","","","level=notice","logid=13","logver=52","policyid=2","poluuid=96187800-65c7-51e6-7076-fa941852f808","proto=6","rcvdbyte=128","rcvdpkt=3","saasinfo={0}","sentbyte=288","sentpkt=7","service=HTTPS","sessionid=2168512734","","","srccountry=Reserved","srcintf=vl129","srcip=172.16.8.231","srcport=52814","","","","","","trandisp=snat","","","transip=200.5.104.105","transport=52814","","utmaction=allow","utmref=BAQAAAAEAAAByDgBsrw2gmGkUMw1c"
"itime=1544368919","date=2018-12-09","time=12:21:59","devid=FG-5KD3915800565","vd=REF1006035","type=traffic","subtype=forward","action=start","app=HTTP","","appcat=unscanned","","","","","bid=44007363","","","","","","","devname=FW-TRFSEG-01","dstcountry=""United States""","dstintf=vl2170out","dstip=13.107.4.50","dstport=80","duration=0","dvid=1049","","","","level=notice","logid=15","logver=52","policyid=33","poluuid=9abf6422-65c7-51e6-884d-a47d05e541ba","proto=6","rcvdbyte=0","","","sentbyte=0","","service=HTTP","sessionid=2168516785","","","srccountry=Reserved","srcintf=vl2168in","srcip=10.120.70.70","srcport=57705","","","","","","trandisp=snat","","","transip=200.26.107.56","transport=57705","","",""
"itime=1544368919","date=2018-12-09","time=12:21:59","devid=FG-5KD3915800565","vd=REF1006035","type=traffic","subtype=forward","action=deny","app=Yahoo.Mail","appact=drop-session","appcat=Email","appid=15839","applist=""Aplic-control-guest V2""","apprisk=medium","apps={Yahoo.Mail}","bid=44007371","","countapp=1","","","","","devname=FW-TRFSEG-01","dstcountry=Brazil","dstintf=vl2170out","dstip=200.152.162.143","dstport=443","duration=51","dvid=1049","","","","level=notice","logid=13","logver=52","policyid=33","poluuid=9abf6422-65c7-51e6-884d-a47d05e541ba","proto=6","rcvdbyte=52","","saasinfo={11}","sentbyte=92","","service=HTTPS","sessionid=2168468246","","","srccountry=Reserved","srcintf=vl2168in","srcip=10.120.88.64","srcport=64795","","","","","","trandisp=snat","","","transip=200.26.107.56","transport=64795","","utmaction=block","utmref=BAQAAAAEAAAByGADcnw0gl2nkMg1c"
"itime=1544368919","date=2018-12-09","time=12:21:59","devid=FG-5KD3915800565","vd=REF1006035","type=traffic","subtype=forward","action=close","app=HTTPS","","appcat=unknown","","applist=""Aplic-control-guest V2""","","","bid=44007371","","","","","","","devname=FW-TRFSEG-01","dstcountry=France","dstintf=vl2170out","dstip=145.239.145.132","dstport=443","duration=5","dvid=1049","","","","level=notice","logid=13","logver=52","policyid=33","poluuid=9abf6422-65c7-51e6-884d-a47d05e541ba","proto=6","rcvdbyte=84","rcvdpkt=2","","sentbyte=172","sentpkt=4","service=HTTPS","sessionid=2168511134","","","srccountry=Reserved","srcintf=vl2168in","srcip=10.120.48.57","srcport=50857","","","","","","trandisp=snat","","","transip=200.26.107.56","transport=50857","","",""
"itime=1544368919","date=2018-12-09","time=12:21:59","devid=FG-5KD3915800565","vd=REF1006035","type=traffic","subtype=forward","action=close","app=HTTPS","","appcat=unknown","","applist=""Aplic-control-guest V2""","","","bid=44007367","","","","","","","devname=FW-TRFSEG-01","dstcountry=""United States""","dstintf=vl2170out","dstip=34.235.85.189","dstport=443","duration=2","dvid=1049","","","","level=notice","logid=13","logver=52","policyid=33","poluuid=9abf6422-65c7-51e6-884d-a47d05e541ba","proto=6","rcvdbyte=92","rcvdpkt=2","","sentbyte=172","sentpkt=4","service=HTTPS","sessionid=2168513475","","","srccountry=Reserved","srcintf=vl2168in","srcip=10.120.48.57","srcport=50870","","","","","","trandisp=snat","","","transip=200.26.107.56","transport=50870","","",""
"itime=1544368919","date=2018-12-09","time=12:21:59","devid=FG-5KD3915800565","vd=REF1006035","type=traffic","subtype=forward","action=start","app=HTTPS","","appcat=unscanned","","","","","bid=44007371","","","","","","","devname=FW-TRFSEG-01","dstcountry=Argentina","dstintf=vl2170out","dstip=31.13.94.35","dstport=443","duration=0","dvid=1049","","","","level=notice","logid=15","logver=52","policyid=33","poluuid=9abf6422-65c7-51e6-884d-a47d05e541ba","proto=6","rcvdbyte=0","","","sentbyte=0","","service=HTTPS","sessionid=2168516354","","","srccountry=Reserved","srcintf=vl2168in","srcip=10.120.48.57","srcport=50872","","","","","","trandisp=snat","","","transip=200.26.107.56","transport=50872","","",""
"itime=1544368919","date=2018-12-09","time=12:21:59","devid=FG-5KD3915800565","vd=REF1006035","type=traffic","subtype=forward","action=close","app=HTTPS","","appcat=unknown","","applist=""Aplic-control-guest V2""","","","bid=44007367","","","","","","","devname=FW-TRFSEG-01","dstcountry=""United States""","dstintf=vl2170out","dstip=23.20.181.25","dstport=443","duration=3","dvid=1049","","","","level=notice","logid=13","logver=52","policyid=33","poluuid=9abf6422-65c7-51e6-884d-a47d05e541ba","proto=6","rcvdbyte=92","rcvdpkt=2","","sentbyte=172","sentpkt=4","service=HTTPS","sessionid=2168513143","","","srccountry=Reserved","srcintf=vl2168in","srcip=10.120.48.57","srcport=50866","","","","","","trandisp=snat","","","transip=200.26.107.56","transport=50866","","",""
"itime=1544368919","date=2018-12-09","time=12:21:59","devid=FG-5KD3915800565","vd=REF1006035","type=traffic","subtype=forward","action=close","app=HTTPS","","appcat=unknown","","applist=""Aplic-control-guest V2""","","","bid=44007371","","","","","","","devname=FW-TRFSEG-01","dstcountry=""United States""","dstintf=vl2170out","dstip=34.235.85.189","dstport=443","duration=2","dvid=1049","","","","level=notice","logid=13","logver=52","policyid=33","poluuid=9abf6422-65c7-51e6-884d-a47d05e541ba","proto=6","rcvdbyte=8539","rcvdpkt=17","","sentbyte=2788","sentpkt=18","service=HTTPS","sessionid=2168513338","","","srccountry=Reserved","srcintf=vl2168in","srcip=10.120.48.57","srcport=50867","","","","","","trandisp=snat","","","transip=200.26.107.56","transport=50867","","",""
"itime=1544368919","date=2018-12-09","time=12:21:59","devid=FG-5KD3915800565","vd=REF1006035","type=traffic","subtype=forward","action=start","app=HTTPS","","appcat=unscanned","","","","","bid=44007371","","","","","","","devname=FW-TRFSEG-01","dstcountry=Brazil","dstintf=vl2170out","dstip=216.58.222.35","dstport=443","duration=0","dvid=1049","","","","level=notice","logid=15","logver=52","policyid=33","poluuid=9abf6422-65c7-51e6-884d-a47d05e541ba","proto=6","rcvdbyte=0","","","sentbyte=0","","service=HTTPS","sessionid=2168516190","","","srccountry=Reserved","srcintf=vl2168in","srcip=10.120.11.67","srcport=52919","","","","","","trandisp=snat","","","transip=200.26.107.56","transport=52919","","",""
"itime=1544368919","date=2018-12-09","time=12:21:59","devid=FG-5KD3915800565","vd=REF1006035","type=traffic","subtype=forward","action=close","app=HTTPS","","appcat=unknown","","applist=""Aplic-control-guest V2""","","","bid=44007367","","","","","","","devname=FW-TRFSEG-01","dstcountry=""United States""","dstintf=vl2170out","dstip=172.217.162.2","dstport=443","duration=5","dvid=1049","","","","level=notice","logid=13","logver=52","policyid=33","poluuid=9abf6422-65c7-51e6-884d-a47d05e541ba","proto=6","rcvdbyte=5478","rcvdpkt=14","","sentbyte=1777","sentpkt=15","service=HTTPS","sessionid=2168510883","","","srccountry=Reserved","srcintf=vl2168in","srcip=10.120.48.57","srcport=50853","","","","","","trandisp=snat","","","transip=200.26.107.56","transport=50853","","",""
"itime=1544368919","date=2018-12-09","time=12:21:59","devid=FG-5KD3915800565","vd=REF1006035","type=traffic","subtype=forward","action=close","app=HTTPS","","appcat=unknown","","applist=""Aplic-control-guest V2""","","","bid=44007363","","","","","","","devname=FW-TRFSEG-01","dstcountry=Brazil","dstintf=vl2170out","dstip=216.58.222.34","dstport=443","duration=5","dvid=1049","","","","level=notice","logid=13","logver=52","policyid=33","poluuid=9abf6422-65c7-51e6-884d-a47d05e541ba","proto=6","rcvdbyte=8144","rcvdpkt=15","","sentbyte=2647","sentpkt=14","service=HTTPS","sessionid=2168511049","","","srccountry=Reserved","srcintf=vl2168in","srcip=10.120.48.57","srcport=50856","","","","","","trandisp=snat","","","transip=200.26.107.56","transport=50856","","",""
"itime=1544368919","date=2018-12-09","time=12:21:59","devid=FG-5KD3915800565","vd=REF1006035","type=traffic","subtype=forward","action=close","app=HTTPS","","appcat=unknown","","applist=""Aplic-control-guest V2""","","","bid=44007365","","","","","","","devname=FW-TRFSEG-01","dstcountry=Argentina","dstintf=vl2170out","dstip=31.13.94.6","dstport=443","duration=2","dvid=1049","","","","level=notice","logid=13","logver=52","policyid=33","poluuid=9abf6422-65c7-51e6-884d-a47d05e541ba","proto=6","rcvdbyte=5439","rcvdpkt=14","","sentbyte=1765","sentpkt=14","service=HTTPS","sessionid=2168513088","","","srccountry=Reserved","srcintf=vl2168in","srcip=10.120.48.57","srcport=50865","","","","","","trandisp=snat","","","transip=200.26.107.56","transport=50865","","",""
"itime=1544368919","date=2018-12-09","time=12:21:59","devid=FG-5KD3915800565","vd=REF1006035","type=traffic","subtype=forward","action=close","app=Google.Services","appact=detected","appcat=General.Interest","appid=42533","applist=""Aplic-control-guest V2""","apprisk=elevated","apps={Google.Services}","bid=44007365","","countapp=1","","","","","devname=FW-TRFSEG-01","dstcountry=Brazil","dstintf=vl2170out","dstip=216.58.222.36","dstport=443","duration=3","dvid=1049","","","","level=notice","logid=13","logver=52","policyid=33","poluuid=9abf6422-65c7-51e6-884d-a47d05e541ba","proto=6","rcvdbyte=5098","rcvdpkt=14","saasinfo={0}","sentbyte=2379","sentpkt=14","service=HTTPS","sessionid=2168512488","shaperrcvdname=""BW limit Policy 33""","shapersentname=""BW limit Policy 33""","srccountry=Reserved","srcintf=vl2168in","srcip=10.120.48.57","srcport=50860","","","","","","trandisp=snat","","","transip=200.26.107.56","transport=50860","","utmaction=allow","utmref=BAQAAAAEAAAByGABSpA2gmGkUMw1c"
"itime=1544368919","date=2018-12-09","time=12:21:59","devid=FG-5KD3915800565","vd=REF1006035","type=traffic","subtype=forward","action=close","app=HTTPS","","appcat=unknown","","applist=""Aplic-control-guest V2""","","","bid=44007365","","","","","","","devname=FW-TRFSEG-01","dstcountry=Argentina","dstintf=vl2170out","dstip=172.217.28.194","dstport=443","duration=2","dvid=1049","","","","level=notice","logid=13","logver=52","policyid=33","poluuid=9abf6422-65c7-51e6-884d-a47d05e541ba","proto=6","rcvdbyte=5894","rcvdpkt=18","","sentbyte=2243","sentpkt=18","service=HTTPS","sessionid=2168513868","","","srccountry=Reserved","srcintf=vl2168in","srcip=10.120.48.57","srcport=50871","","","","","","trandisp=snat","","","transip=200.26.107.56","transport=50871","","",""
"itime=1544368919","date=2018-12-09","time=12:21:59","devid=FG-5KD3915800565","vd=REF1006035","type=traffic","subtype=forward","action=close","app=HTTPS","","appcat=unknown","","applist=""Aplic-control-guest V2""","","","bid=44007371","","","","","","","devname=FW-TRFSEG-01","dstcountry=""United States""","dstintf=vl2170out","dstip=172.217.162.2","dstport=443","duration=3","dvid=1049","","","","level=notice","logid=13","logver=52","policyid=33","poluuid=9abf6422-65c7-51e6-884d-a47d05e541ba","proto=6","rcvdbyte=5964","rcvdpkt=19","","sentbyte=2800","sentpkt=18","service=HTTPS","sessionid=2168512086","","","srccountry=Reserved","srcintf=vl2168in","srcip=10.120.48.57","srcport=50859","","","","","","trandisp=snat","","","transip=200.26.107.56","transport=50859","","",""
"itime=1544368919","date=2018-12-09","time=12:21:59","devid=FG-5KD3915800565","vd=REF1006035","type=traffic","subtype=forward","action=close","app=HTTPS","","appcat=unknown","","applist=""Aplic-control-guest V2""","","","bid=44007365","","","","","","","devname=FW-TRFSEG-01","dstcountry=Brazil","dstintf=vl2170out","dstip=216.58.222.38","dstport=443","duration=3","dvid=1049","","","","level=notice","logid=13","logver=52","policyid=33","poluuid=9abf6422-65c7-51e6-884d-a47d05e541ba","proto=6","rcvdbyte=5689","rcvdpkt=26","","sentbyte=2872","sentpkt=23","service=HTTPS","sessionid=2168512864","","","srccountry=Reserved","srcintf=vl2168in","srcip=10.120.48.57","srcport=50862","","","","","","trandisp=snat","","","transip=200.26.107.56","transport=50862","","",""
"itime=1544368919","date=2018-12-09","time=12:21:59","devid=FG-5KD3915800565","vd=REF1006035","type=traffic","subtype=forward","action=close","app=HTTPS","","appcat=unknown","","applist=""Aplic-control-guest V2""","","","bid=44007363","","","","","","","devname=FW-TRFSEG-01","dstcountry=""United States""","dstintf=vl2170out","dstip=172.217.162.2","dstport=443","duration=3","dvid=1049","","","","level=notice","logid=13","logver=52","policyid=33","poluuid=9abf6422-65c7-51e6-884d-a47d05e541ba","proto=6","rcvdbyte=5448","rcvdpkt=13","","sentbyte=2911","sentpkt=15","service=HTTPS","sessionid=2168512829","","","srccountry=Reserved","srcintf=vl2168in","srcip=10.120.48.57","srcport=50861","","","","","","trandisp=snat","","","transip=200.26.107.56","transport=50861","","",""
"itime=1544368919","date=2018-12-09","time=12:21:59","devid=FG-5KD3915800565","vd=REF1006035","type=traffic","subtype=forward","action=close","app=HTTPS","","appcat=unknown","","applist=""Aplic-control-guest V2""","","","bid=44007363","","","","","","","devname=FW-TRFSEG-01","dstcountry=Argentina","dstintf=vl2170out","dstip=172.217.30.226","dstport=443","duration=3","dvid=1049","","","","level=notice","logid=13","logver=52","policyid=33","poluuid=9abf6422-65c7-51e6-884d-a47d05e541ba","proto=6","rcvdbyte=31436","rcvdpkt=43","","sentbyte=5853","sentpkt=32","service=HTTPS","sessionid=2168512061","","","srccountry=Reserved","srcintf=vl2168in","srcip=10.120.48.57","srcport=50858","","","","","","trandisp=snat","","","transip=200.26.107.56","transport=50858","","",""
"itime=1544368919","date=2018-12-09","time=12:21:59","devid=FG-5KD3915800565","vd=REF1006035","type=traffic","subtype=forward","action=close","app=Google.Services","appact=detected","appcat=General.Interest","appid=42533","applist=""Aplic-control-guest V2""","apprisk=elevated","apps={Google.Services}","bid=44007371","","countapp=1","","","","","devname=FW-TRFSEG-01","dstcountry=""United States""","dstintf=vl2170out","dstip=172.217.162.2","dstport=443","duration=5","dvid=1049","","","","level=notice","logid=13","logver=52","policyid=33","poluuid=9abf6422-65c7-51e6-884d-a47d05e541ba","proto=6","rcvdbyte=6102","rcvdpkt=15","saasinfo={0}","sentbyte=2267","sentpkt=15","service=HTTPS","sessionid=2168511034","shaperrcvdname=""BW limit Policy 33""","shapersentname=""BW limit Policy 33""","srccountry=Reserved","srcintf=vl2168in","srcip=10.120.48.57","srcport=50855","","","","","","trandisp=snat","","","transip=200.26.107.56","transport=50855","","utmaction=allow","utmref=BAQAAAAEAAAByGAAspA2QmGkSMw1c"
"itime=1544368919","date=2018-12-09","time=12:21:59","devid=FG-5KD3915800565","vd=REF1006035","type=traffic","subtype=forward","action=start","app=HTTPS","","appcat=unscanned","","","","","bid=44007371","","","","","","","devname=FW-TRFSEG-01","dstcountry=""United States""","dstintf=vl2170out","dstip=40.69.153.67","dstport=443","duration=0","dvid=1049","","","","level=notice","logid=15","logver=52","policyid=33","poluuid=9abf6422-65c7-51e6-884d-a47d05e541ba","proto=6","rcvdbyte=0","","","sentbyte=0","","service=HTTPS","sessionid=2168515882","","","srccountry=Reserved","srcintf=vl2168in","srcip=10.120.70.70","srcport=57704","","","","","","trandisp=snat","","","transip=200.26.107.56","transport=57704","","",""
"itime=1544368919","date=2018-12-09","time=12:21:58","devid=FG-5KD3915800565","vd=REF1006035","type=traffic","subtype=forward","action=start","app=HTTPS","","appcat=unscanned","","","","","bid=44007367","","","","","","","devname=FW-TRFSEG-01","dstcountry=Brazil","dstintf=vl2170out","dstip=200.152.162.189","dstport=443","duration=0","dvid=1049","","","","level=notice","logid=15","logver=52","policyid=33","poluuid=9abf6422-65c7-51e6-884d-a47d05e541ba","proto=6","rcvdbyte=0","","","sentbyte=0","","service=HTTPS","sessionid=2168515763","","","srccountry=Reserved","srcintf=vl2168in","srcip=10.120.88.64","srcport=64803","","","","","","trandisp=snat","","","transip=200.26.107.56","transport=64803","","",""
"itime=1544368919","date=2018-12-09","time=12:21:58","devid=FG-5KD3915800565","vd=REF1006035","type=traffic","subtype=forward","action=close","app=TeamViewer","appact=drop-session","appcat=Remote.Access","appid=15921","applist=""Aplic-control-guest V2""","apprisk=high","apps={TeamViewer}","bid=44007365","","countapp=1","countweb=1","","","","devname=FW-TRFSEG-01","dstcountry=Germany","dstintf=vl2170out","dstip=185.188.32.2","dstport=80","duration=5","dvid=1049","","","hostname=master8.teamviewer.com","level=notice","logid=13","logver=52","policyid=33","poluuid=9abf6422-65c7-51e6-884d-a47d05e541ba","proto=6","rcvdbyte=3155","rcvdpkt=4","saasinfo={11}","sentbyte=92","sentpkt=2","service=HTTP","sessionid=2168510284","","","srccountry=Reserved","srcintf=vl2168in","srcip=10.120.61.52","srcport=58554","","","","","","trandisp=snat","","","transip=200.26.107.56","transport=58554","","utmaction=block","utmref=BAQAAAAIAAAByGAAepA2ImGkRMw1cdxgAHKQNiJhpETMNXA=="
"itime=1544368919","date=2018-12-09","time=12:21:59","devid=FG-5KD3915800565","vd=REF1004844","type=traffic","subtype=forward","action=close","app=Dropbox","appact=detected","appcat=Storage.Backup","appid=17459","applist=default","apprisk=medium","apps={Dropbox}","bid=44007365","catdesc=""File Sharing and Storage""","countapp=1","countweb=1","","","","devname=FW-TRFSEG-01","dstcountry=""United States""","dstintf=vl2150out","dstip=162.125.18.133","dstport=443","duration=571","dvid=1044","","","hostname=bolt.dropbox.com","level=notice","logid=13","logver=52","policyid=1","poluuid=98881b7c-65c7-51e6-17f0-a04e27259446","proto=6","rcvdbyte=172","rcvdpkt=4","saasinfo={10}","sentbyte=1349","sentpkt=6","service=HTTPS","sessionid=2167962672","","","srccountry=Reserved","srcintf=vl2151in","srcip=192.168.101.76","srcport=57290","","","","","","trandisp=snat","","","transip=200.0.228.240","transport=57290","","utmaction=allow","utmref=BAQAAAAIAAAByEwB8SQ3ohmndMA1cdxMAbkkN4IZp3DANXA=="
"itime=1544368919","date=2018-12-09","time=12:21:59","devid=FG-5KD3915800565","vd=REF1004844","type=traffic","subtype=forward","action=close","app=MS.Windows.Update","appact=detected","appcat=Update","appid=16009","applist=default","apprisk=elevated","apps={MS.Windows.Update}","bid=44007365","catdesc=""Information Technology""","countapp=1","countweb=1","","","","devname=FW-TRFSEG-01","dstcountry=""United States""","dstintf=vl2150out","dstip=65.55.44.108","dstport=443","duration=66","dvid=1044","ebtime={{""[1544358055,1544358119)""}}","","hostname=settings-win.data.microsoft.com","level=notice","logid=13","logver=52","policyid=1","poluuid=98881b7c-65c7-51e6-17f0-a04e27259446","proto=6","rcvdbyte=3887","rcvdpkt=4","saasinfo={0}","sentbyte=172","sentpkt=4","service=HTTPS","sessionid=2168453400","","","srccountry=Reserved","srcintf=vl2151in","srcip=192.168.106.74","srcport=50038","","","","","","trandisp=snat","","","transip=200.0.228.240","transport=50038","","utmaction=allow","utmref=BAQAAAAIAAAByEwDuhQ2wlmnWMg1cdxMA2IUNsJZp1jINXA=="
"itime=1544368919","date=2018-12-09","time=12:21:59","devid=FG-5KD3915800565","vd=REF1004844","type=traffic","subtype=forward","action=close","app=Dropbox","appact=detected","appcat=Storage.Backup","appid=17459","applist=default","apprisk=medium","apps={Dropbox}","bid=44007367","catdesc=""File Sharing and Storage""","countapp=1","countweb=1","","","","devname=FW-TRFSEG-01","dstcountry=""United States""","dstintf=vl2150out","dstip=162.125.18.133","dstport=443","duration=188","dvid=1044","","","hostname=bolt.dropbox.com","level=notice","logid=13","logver=52","policyid=1","poluuid=98881b7c-65c7-51e6-17f0-a04e27259446","proto=6","rcvdbyte=132","rcvdpkt=3","saasinfo={10}","sentbyte=212","sentpkt=5","service=HTTPS","sessionid=2168333663","","","srccountry=Reserved","srcintf=vl2151in","srcip=192.168.101.76","srcport=57345","","","","","","trandisp=snat","","","transip=200.0.228.240","transport=57345","","utmaction=allow","utmref=BAQAAAAIAAAByEwD6dg3gkmlcMg1cdxMA6nYN2JJpWzINXA=="
"itime=1544368919","date=2018-12-09","time=12:21:59","devid=FG-5KD3915800565","vd=REF1004844","type=traffic","subtype=forward","action=close","app=HTTPS.BROWSER","appact=detected","appcat=Web.Others","appid=40568","applist=default","apprisk=medium","apps={HTTPS.BROWSER}","bid=44007365","catdesc=""Information Technology""","countapp=1","countweb=1","","","","devname=FW-TRFSEG-01","dstcountry=Germany","dstintf=vl2150out","dstip=178.162.219.153","dstport=443","duration=6","dvid=1044","ebtime={{""[1544358114,1544358119)""}}","","hostname=app.adjust.com","level=notice","logid=13","logver=52","policyid=1","poluuid=98881b7c-65c7-51e6-17f0-a04e27259446","proto=6","rcvdbyte=3941","rcvdpkt=6","saasinfo={0}","sentbyte=268","sentpkt=5","service=HTTPS","sessionid=2168509552","","","srccountry=Reserved","srcintf=vl2151in","srcip=192.168.101.84","srcport=58945","","","","","","trandisp=snat","","","transip=200.0.228.240","transport=58945","","utmaction=allow","utmref=BAQAAAAIAAAByEwCAiw2QmGkSMw1cdxMAdosNiJhpETMNXA=="
"itime=1544368919","date=2018-12-09","time=12:21:59","devid=FG-5KD3915800565","vd=REF1004844","type=traffic","subtype=forward","action=accept","app=NTP","appact=detected","appcat=Network.Service","appid=16270","applist=default","apprisk=elevated","apps={NTP}","bid=44007367","","countapp=1","","","","","devname=FW-TRFSEG-01","dstcountry=Paraguay","dstintf=vl2150out","dstip=201.217.3.86","dstport=123","duration=60","dvid=1044","","","","level=notice","logid=13","logver=52","policyid=1","poluuid=98881b7c-65c7-51e6-17f0-a04e27259446","proto=17","rcvdbyte=76","rcvdpkt=1","saasinfo={0}","sentbyte=76","sentpkt=1","service=NTP","sessionid=2168459847","","","srccountry=Reserved","srcintf=vl2151in","srcip=192.168.101.33","srcport=36925","","","","","","trandisp=snat","","","transip=200.0.228.240","transport=36925","","utmaction=allow","utmref=BAQAAAAEAAAByEwCEhg3YlmnbMg1c"
"itime=1544368919","date=2018-12-09","time=12:21:59","devid=FG-5KD3915800565","vd=REF1004844","type=traffic","subtype=forward","action=accept","app=NTP","appact=detected","appcat=Network.Service","appid=16270","applist=default","apprisk=elevated","apps={NTP}","bid=44007363","","countapp=1","","","","","devname=FW-TRFSEG-01","dstcountry=""United States""","dstintf=vl2150out","dstip=131.107.13.100","dstport=123","duration=60","dvid=1044","","","","level=notice","logid=13","logver=52","policyid=1","poluuid=98881b7c-65c7-51e6-17f0-a04e27259446","proto=17","rcvdbyte=0","","saasinfo={0}","sentbyte=76","sentpkt=1","service=NTP","sessionid=2168459737","","","srccountry=Reserved","srcintf=vl2151in","srcip=192.168.101.83","srcport=35595","","","","","","trandisp=snat","","","transip=200.0.228.240","transport=35595","","utmaction=allow","utmref=BAQAAAAEAAAByEwB-hg3YlmnbMg1c"
"itime=1544368919","date=2018-12-09","time=12:21:59","devid=FG-5KD3915800565","vd=REF1004844","type=traffic","subtype=forward","action=close","app=HTTP.BROWSER","appact=detected","appcat=Web.Others","appid=15893","applist=default","apprisk=medium","apps={HTTP.BROWSER}","bid=44007367","catdesc=""Information Technology""","countapp=1","countweb=1","","","","devname=FW-TRFSEG-01","dstcountry=Argentina","dstintf=vl2150out","dstip=23.192.138.80","dstport=80","duration=2","dvid=1044","ebtime={{""[1544358117,1544358119)""}}","","hostname=wfbs-svc650-sp-census.trendmicro.com:80","level=notice","logid=13","logver=52","policyid=1","poluuid=98881b7c-65c7-51e6-17f0-a04e27259446","proto=6","rcvdbyte=344","rcvdpkt=8","saasinfo={0}","sentbyte=184","sentpkt=4","service=HTTP","sessionid=2168513003","","","srccountry=Reserved","srcintf=vl2151in","srcip=192.168.101.76","srcport=57385","","","","","","trandisp=snat","","","transip=200.0.228.240","transport=57385","","utmaction=allow","utmref=BAQAAAAIAAAB3EwDAiw2gmGkUMw1cchMAvosNoJhpFDMNXA=="
"itime=1544368919","date=2018-12-09","time=12:21:59","devid=FG-5KD3915800565","vd=REF1004844","type=traffic","subtype=forward","action=close","app=Google.Services","appact=detected","appcat=General.Interest","appid=42533","applist=default","apprisk=elevated","apps={Google.Services}","bid=44007363","catdesc=""Search Engines and Portals""","countapp=1","countweb=1","","","","devname=FW-TRFSEG-01","dstcountry=""United States""","dstintf=vl2150out","dstip=64.233.186.147","dstport=443","duration=19","dvid=1044","ebtime={{""[1544358100,1544358119)""}}","","hostname=www.google.com","level=notice","logid=13","logver=52","policyid=1","poluuid=98881b7c-65c7-51e6-17f0-a04e27259446","proto=6","rcvdbyte=2347","rcvdpkt=6","saasinfo={0}","sentbyte=1782","sentpkt=7","service=HTTPS","sessionid=2168497053","","","srccountry=Reserved","srcintf=vl2151in","srcip=192.168.101.87","srcport=65388","","","","","","trandisp=snat","","","transip=200.0.228.240","transport=65388","","utmaction=allow","utmref=BAQAAAAIAAAByEwBqig0YmGkDMw1cdxMAYIoNGJhpAzMNXA=="
"itime=1544368919","date=2018-12-09","time=12:21:58","devid=FG-5KD3915800565","vd=REF1004844","type=traffic","subtype=forward","action=close","app=Google.Services","appact=detected","appcat=General.Interest","appid=42533","applist=default","apprisk=elevated","apps={Google.Services}","bid=44007365","catdesc=""Search Engines and Portals""","countapp=1","countweb=1","","","","devname=FW-TRFSEG-01","dstcountry=""United States""","dstintf=vl2150out","dstip=64.233.186.147","dstport=443","duration=15","dvid=1044","ebtime={{""[1544358104,1544358118)""}}","","hostname=www.google.com","level=notice","logid=13","logver=52","policyid=1","poluuid=98881b7c-65c7-51e6-17f0-a04e27259446","proto=6","rcvdbyte=726","rcvdpkt=5","saasinfo={0}","sentbyte=1823","sentpkt=8","service=HTTPS","sessionid=2168500668","","","srccountry=Reserved","srcintf=vl2151in","srcip=192.168.101.87","srcport=65399","","","","","","trandisp=snat","","","transip=200.0.228.240","transport=65399","","utmaction=allow","utmref=BAQAAAAIAAAByEwC-ig1AmGkIMw1cdxMAuooNQJhpCDMNXA=="
"itime=1544368919","date=2018-12-09","time=12:21:59","devid=FG-5KD3915800565","vd=REF1004844","type=traffic","subtype=forward","action=close","app=Google.Services","appact=detected","appcat=General.Interest","appid=42533","applist=default","apprisk=elevated","apps={Google.Services}","bid=44007371","catdesc=""Search Engines and Portals""","countapp=1","countweb=1","","","","devname=FW-TRFSEG-01","dstcountry=""United States""","dstintf=vl2150out","dstip=64.233.186.147","dstport=443","duration=19","dvid=1044","ebtime={{""[1544358100,1544358119)""}}","","hostname=www.google.com","level=notice","logid=13","logver=52","policyid=1","poluuid=98881b7c-65c7-51e6-17f0-a04e27259446","proto=6","rcvdbyte=3180","rcvdpkt=6","saasinfo={0}","sentbyte=1061","sentpkt=7","service=HTTPS","sessionid=2168497374","","","srccountry=Reserved","srcintf=vl2151in","srcip=192.168.101.87","srcport=65390","","","","","","trandisp=snat","","","transip=200.0.228.240","transport=65390","","utmaction=allow","utmref=BAQAAAAIAAAByEwByig0gmGkEMw1cdxMAcIoNIJhpBDMNXA=="
"itime=1544368919","date=2018-12-09","time=12:21:59","devid=FG-5KD3915800565","vd=REF1010139","type=traffic","subtype=forward","action=close","app=Facebook","appact=detected","appcat=Social.Media","appid=15832","applist=default","apprisk=medium","apps={Facebook}","bid=44007398","","countapp=1","","","","","devname=FW-TRFSEG-01","dstcountry=Argentina","dstintf=vl2270out","dstip=170.51.248.33","dstport=443","duration=184","dvid=1090","","","","level=notice","logid=13","logver=52","policyid=1","poluuid=00285064-adb0-51e6-82eb-b6ad56fbd858","proto=6","rcvdbyte=5357","rcvdpkt=7","saasinfo={10}","sentbyte=741","sentpkt=5","service=HTTPS","sessionid=2168337803","","","srccountry=Reserved","srcintf=vl2271in","srcip=10.23.23.48","srcport=33906","","","","","","trandisp=snat","","","transip=200.5.121.136","transport=33906","","utmaction=allow","utmref=BAQAAAAEAAAByQQD6cQ34kmlfMg1c"
"itime=1544368919","date=2018-12-09","time=12:21:59","devid=FG-5KD3915800565","vd=REF1010139","type=traffic","subtype=forward","action=close","app=Facebook","appact=detected","appcat=Social.Media","appid=15832","applist=default","apprisk=medium","apps={Facebook}","bid=44007397","","countapp=1","","","","","devname=FW-TRFSEG-01","dstcountry=Argentina","dstintf=vl2270out","dstip=170.51.248.33","dstport=443","duration=156","dvid=1090","","","","level=notice","logid=13","logver=52","policyid=1","poluuid=00285064-adb0-51e6-82eb-b6ad56fbd858","proto=6","rcvdbyte=379","rcvdpkt=4","saasinfo={10}","sentbyte=701","sentpkt=5","service=HTTPS","sessionid=2168364528","","","srccountry=Reserved","srcintf=vl2271in","srcip=10.23.23.48","srcport=33910","","","","","","trandisp=snat","","","transip=200.5.121.136","transport=33910","","utmaction=allow","utmref=BAQAAAAEAAAByQQDGcw3Yk2l7Mg1c"
"itime=1544368919","date=2018-12-09","time=12:21:59","devid=FG-5KD3915800565","vd=REF1010139","type=traffic","subtype=forward","action=close","app=Amazon.AWS","appact=detected","appcat=Cloud.IT","appid=27210","applist=default","apprisk=medium","apps={Amazon.AWS}","bid=44007401","","countapp=1","","","","","devname=FW-TRFSEG-01","dstcountry=Brazil","dstintf=vl2270out","dstip=52.95.165.43","dstport=443","duration=38","dvid=1090","","","","level=notice","logid=13","logver=52","policyid=1","poluuid=00285064-adb0-51e6-82eb-b6ad56fbd858","proto=6","rcvdbyte=172","rcvdpkt=4","saasinfo={10}","sentbyte=180","sentpkt=4","service=HTTPS","sessionid=2168480090","","","srccountry=Reserved","srcintf=vl2271in","srcip=10.1.0.51","srcport=52902","","","","","","trandisp=snat","","","transip=200.5.121.136","transport=52902","","utmaction=allow","utmref=BAQAAAAEAAAByQQBKfQ2Il2nxMg1c"
"itime=1544368919","date=2018-12-09","time=12:21:59","devid=FG-5KD3915800565","vd=REF1013387","type=traffic","subtype=forward","action=accept","app=DNS","appact=detected","appcat=Network.Service","appid=16195","applist=SOC_Monitor","apprisk=elevated","","bid=44007363","","","","","","","devname=FW-TRFSEG-01","dstcountry=China","dstintf=vl2290out","dstip=61.172.201.254","dstport=53","duration=60","dvid=1104","","","","level=notice","logid=13","logver=52","policyid=1","poluuid=46976934-0c16-51e8-d0ca-7a92dd77eb0b","proto=17","rcvdbyte=0","","","sentbyte=83","sentpkt=1","service=DNS","sessionid=2168460173","","","srccountry=Reserved","srcintf=vl2291in","srcip=172.16.0.6","srcport=52148","","","","","","trandisp=snat","","","transip=209.13.169.152","transport=52148","","",""
"itime=1544368919","date=2018-12-09","time=12:21:59","devid=FG-5KD3915800565","vd=REF1013387","type=traffic","subtype=forward","action=close","app=Apple.iPhone","appact=detected","appcat=Mobile","appid=25903","applist=""P. NORTE""","apprisk=elevated","apps={Apple.iPhone}","bid=44007367","catdesc=Advertising","countapp=1","countweb=1","","","","devname=FW-TRFSEG-01","dstcountry=Argentina","dstintf=vl2290out","dstip=181.47.254.53","dstport=80","duration=1","dvid=1104","","","hostname=edge2136.telecentro.net.ar:80","level=notice","logid=13","logver=52","policyid=5","poluuid=f235d456-6283-51e8-1c36-b8ea3d7fa906","proto=6","rcvdbyte=500","rcvdpkt=3","saasinfo={0}","sentbyte=220","sentpkt=4","service=HTTP","sessionid=2168515167","","","srccountry=Reserved","srcintf=vl2291in","srcip=192.168.50.250","srcport=56635","","","","","","trandisp=snat","","","transip=209.13.169.152","transport=56635","","utmaction=allow","utmref=BAQAAAAIAAAB3TwCMNg2wmGkWMw1cck8AijYNsJhpFjMNXA=="
"itime=1544368919","date=2018-12-09","time=12:21:59","devid=FG-5KD3915800565","vd=REF1013387","type=traffic","subtype=forward","action=close","app=SMTP","appact=detected","appcat=Email","appid=16074","applist=Cliente_Standard","apprisk=medium","apps={SMTP}","bid=44007363","","countapp=1","","","","","devname=FW-TRFSEG-01","dstcountry=""Russian Federation""","dstintf=vl2290out","dstip=94.100.180.150","dstport=25","duration=8","dvid=1104","","","","level=notice","logid=13","logver=52","policyid=3","poluuid=9799cc5a-6283-51e8-0fa9-215a108ab87d","proto=6","rcvdbyte=128","rcvdpkt=3","saasinfo={0}","sentbyte=210","sentpkt=4","service=SMTP","sessionid=2168508281","","","srccountry=Reserved","srcintf=vl2291in","srcip=192.168.30.57","srcport=19735","","","","","","trandisp=snat","","","transip=209.13.169.152","transport=19735","","utmaction=allow","utmref=BAQAAAAEAAAByTwAIMg2AmGkQMw1c"
"itime=1544368919","date=2018-12-09","time=12:21:59","devid=FG-5KD3915800565","vd=REF1013387","type=traffic","subtype=forward","action=accept","app=DNS","appact=detected","appcat=Network.Service","appid=16195","applist=SOC_Monitor","apprisk=elevated","","bid=44007363","","","","","","","devname=FW-TRFSEG-01","dstcountry=Uruguay","dstintf=vl2290out","dstip=200.3.13.14","dstport=53","duration=60","dvid=1104","","","","level=notice","logid=13","logver=52","policyid=1","poluuid=46976934-0c16-51e8-d0ca-7a92dd77eb0b","proto=17","rcvdbyte=337","rcvdpkt=1","","sentbyte=77","sentpkt=1","service=DNS","sessionid=2168459957","","","srccountry=Reserved","srcintf=vl2291in","srcip=172.16.0.6","srcport=33288","","","","","","trandisp=snat","","","transip=209.13.169.152","transport=33288","","",""
"itime=1544368919","date=2018-12-09","time=12:21:59","devid=FG-5KD3915800565","vd=REF1013387","type=traffic","subtype=forward","action=close","app=Google.Services","appact=detected","appcat=General.Interest","appid=42533","applist=""P. NORTE""","apprisk=elevated","apps={Google.Services}","bid=44007367","catdesc=""Information Technology""","countapp=1","countweb=1","","","","devname=FW-TRFSEG-01","dstcountry=""United States""","dstintf=vl2290out","dstip=172.217.162.14","dstport=443","duration=31","dvid=1104","ebtime={{""[1544358089,1544358119)""}}","","hostname=android.clients.google.com","level=notice","logid=13","logver=52","policyid=5","poluuid=f235d456-6283-51e8-1c36-b8ea3d7fa906","proto=6","rcvdbyte=216","rcvdpkt=4","saasinfo={0}","sentbyte=399","sentpkt=4","service=HTTPS","sessionid=2168486871","","","srccountry=Reserved","srcintf=vl2291in","srcip=192.168.50.227","srcport=49758","","","","","","trandisp=snat","","","transip=209.13.169.152","transport=49758","","utmaction=allow","utmref=BAQAAAAIAAAByTwAgIg3Al2n4Mg1cd08ADCINwJdp-DINXA=="
"itime=1544368919","date=2018-12-09","time=12:21:59","devid=FG-5KD3915800565","vd=REF1013387","type=traffic","subtype=forward","action=accept","app=DNS","appact=detected","appcat=Network.Service","appid=16195","applist=SOC_Monitor","apprisk=elevated","","bid=44007371","","","","","","","devname=FW-TRFSEG-01","dstcountry=""United States""","dstintf=vl2290out","dstip=199.253.183.183","dstport=53","duration=60","dvid=1104","","","","level=notice","logid=13","logver=52","policyid=1","poluuid=46976934-0c16-51e8-d0ca-7a92dd77eb0b","proto=17","rcvdbyte=1517","rcvdpkt=1","","sentbyte=69","sentpkt=1","service=DNS","sessionid=2168459702","","","srccountry=Reserved","srcintf=vl2291in","srcip=172.16.0.22","srcport=51037","","","","","","trandisp=snat","","","transip=209.13.169.152","transport=51037","","",""
"itime=1544368919","date=2018-12-09","time=12:21:59","devid=FG-5KD3915800565","vd=REF1013387","type=traffic","subtype=forward","action=accept","app=DNS","appact=detected","appcat=Network.Service","appid=16195","applist=SOC_Monitor","apprisk=elevated","","bid=44007363","","","","","","","devname=FW-TRFSEG-01","dstcountry=Bulgaria","dstintf=vl2290out","dstip=87.120.176.11","dstport=53","duration=60","dvid=1104","","","","level=notice","logid=13","logver=52","policyid=1","poluuid=46976934-0c16-51e8-d0ca-7a92dd77eb0b","proto=17","rcvdbyte=162","rcvdpkt=1","","sentbyte=71","sentpkt=1","service=DNS","sessionid=2168459661","","","srccountry=Reserved","srcintf=vl2291in","srcip=172.16.0.6","srcport=50511","","","","","","trandisp=snat","","","transip=209.13.169.152","transport=50511","","",""
"itime=1544368919","date=2018-12-09","time=12:21:59","devid=FG-5KD3915800565","vd=REF1013387","type=traffic","subtype=forward","action=accept","app=DNS","appact=detected","appcat=Network.Service","appid=16195","applist=SOC_Monitor","apprisk=elevated","","bid=44007363","","","","","","","devname=FW-TRFSEG-01","dstcountry=Bulgaria","dstintf=vl2290out","dstip=87.120.176.11","dstport=53","duration=60","dvid=1104","","","","level=notice","logid=13","logver=52","policyid=1","poluuid=46976934-0c16-51e8-d0ca-7a92dd77eb0b","proto=17","rcvdbyte=162","rcvdpkt=1","","sentbyte=70","sentpkt=1","service=DNS","sessionid=2168459657","","","srccountry=Reserved","srcintf=vl2291in","srcip=172.16.0.6","srcport=28381","","","","","","trandisp=snat","","","transip=209.13.169.152","transport=28381","","",""
"itime=1544368919","date=2018-12-09","time=12:21:59","devid=FG-5KD3915800565","vd=REF1013387","type=traffic","subtype=forward","action=accept","app=DNS","appact=detected","appcat=Network.Service","appid=16195","applist=SOC_Monitor","apprisk=elevated","","bid=44007363","","","","","","","devname=FW-TRFSEG-01","dstcountry=Uruguay","dstintf=vl2290out","dstip=200.3.13.14","dstport=53","duration=60","dvid=1104","","","","level=notice","logid=13","logver=52","policyid=1","poluuid=46976934-0c16-51e8-d0ca-7a92dd77eb0b","proto=17","rcvdbyte=531","rcvdpkt=1","","sentbyte=74","sentpkt=1","service=DNS","sessionid=2168459921","","","srccountry=Reserved","srcintf=vl2291in","srcip=172.16.0.6","srcport=63806","","","","","","trandisp=snat","","","transip=209.13.169.152","transport=63806","","",""
"itime=1544368919","date=2018-12-09","time=12:21:59","devid=FG-5KD3915800565","vd=REF1013387","type=traffic","subtype=forward","action=accept","app=DNS","appact=detected","appcat=Network.Service","appid=16195","applist=SOC_Monitor","apprisk=elevated","","bid=44007363","","","","","","","devname=FW-TRFSEG-01","dstcountry=Netherlands","dstintf=vl2290out","dstip=193.0.9.5","dstport=53","duration=60","dvid=1104","","","","level=notice","logid=13","logver=52","policyid=1","poluuid=46976934-0c16-51e8-d0ca-7a92dd77eb0b","proto=17","rcvdbyte=537","rcvdpkt=1","","sentbyte=76","sentpkt=1","service=DNS","sessionid=2168459665","","","srccountry=Reserved","srcintf=vl2291in","srcip=172.16.0.6","srcport=41004","","","","","","trandisp=snat","","","transip=209.13.169.152","transport=41004","","",""
"itime=1544368919","date=2018-12-09","time=12:21:59","devid=FG-5KD3915800565","vd=REF1013387","type=traffic","subtype=forward","action=accept","app=DNS","appact=detected","appcat=Network.Service","appid=16195","applist=SOC_Monitor","apprisk=elevated","","bid=44007365","","","","","","","devname=FW-TRFSEG-01","dstcountry=Bulgaria","dstintf=vl2290out","dstip=194.153.145.66","dstport=53","duration=60","dvid=1104","","","","level=notice","logid=13","logver=52","policyid=1","poluuid=46976934-0c16-51e8-d0ca-7a92dd77eb0b","proto=17","rcvdbyte=162","rcvdpkt=1","","sentbyte=71","sentpkt=1","service=DNS","sessionid=2168459656","","","srccountry=Reserved","srcintf=vl2291in","srcip=172.16.0.6","srcport=38274","","","","","","trandisp=snat","","","transip=209.13.169.152","transport=38274","","",""
